{
    "hermiston": {
        "max_value": {
            "run": 0,
            "train_time": 71.84912848472595,
            "OA": 0.9866282051282051,
            "Kappa": 0.9396634415287665,
            "F1": 0.9698313859383685,
            "Pr": 0.9733771964707427,
            "Re": 0.9663595093059121,
            "value": 4.835859738371995
        },
        "min_value": {
            "run": 0,
            "train_time": 71.84912848472595,
            "OA": 0.9866282051282051,
            "Kappa": 0.9396634415287665,
            "F1": 0.9698313859383685,
            "Pr": 0.9733771964707427,
            "Re": 0.9663595093059121,
            "value": 4.835859738371995
        },
        "all_runs": [
            {
                "run": 0,
                "train_time": 71.84912848472595,
                "OA": 0.9866282051282051,
                "Kappa": 0.9396634415287665,
                "F1": 0.9698313859383685,
                "Pr": 0.9733771964707427,
                "Re": 0.9663595093059121,
                "value": 4.835859738371995
            }
        ]
    }
}